Country,Year,GDP (current BillUS$),GDP per capita (current US$),GDP per capita growth (annual %),Real GDP growth (Annual percent change),"Inflation rate, average consumer prices (Annual percent change)",Unemployment,Interest Rate,"Net trade in goods and services (BoP, current USB$)","Central government debt, total (% of GDP)",Population,"Population Density, as of 1 July (persons per square km)","Population Sex Ratio, as of 1 July (males per 100 females)",Population Growth Rate (Percentage),Total Fertility Rate (live births per woman),"Net Migration Rate (per 1,000 population)","Military expenditure (current USD, BS$)",Military expenditure (% of GDP),"Armed forces personnel, total"
Australia,1991,325.9666861,18859.40796,-1.643571088,-1,3.3,9.586,10.0928694,0.956062277,11.91897352,17248.461,2.259,99.413,1.207,1.863,3.967,7.023509067,2.168042858,68000
Brazil,1991,342.5340909,2233.872651,-0.700696276,1,432.8,6.896,15.21456654,6.687,65.21453259,150454.468,18.153,99.316,1.674,2.805,-0.439,6.694665295,1.963333333,295000
China,1991,383.3733181,333.1421454,7.782091992,9,3.6,2.37,1.804311855,11.601,18.42356412,1163629.156,121.957,103.94,1.223,1.934,-0.465,9.802375366,2.311243412,3200000
France,1991,1269.276828,21675.70609,0.163146328,1.3,3.4,9.134,8.751241,6.695752274,36.77452315,57133.253,103.87,94.512,0.483,1.773,0.615,35.86912092,2.812136438,542000
Germany,1991,1868.945197,23357.75773,4.345220055,5,3.5,5.316,9.1,-8.669983766,21.73250095,80039.898,230.386,93.688,0.656,1.344,7.505,37.19672973,1.997834988,457000
India,1991,270.1053419,303.850438,-1.045105467,1.1,13.5,6.85,3.624716596,-4.011561595,50.01008036,883927.6,297.299,106.936,2.137,3.959,-0.179,8.622473881,2.909974328,1270000
Japan,1991,3648.065761,29428.4289,3.117494633,3.5,3.3,2.059,5.102354689,53.73568459,38.17618736,123635.017,328.774,97.397,0.411,1.504,1.302,32.78541575,0.940821904,250000
South Africa,1991,135.2036982,3304.828377,-3.518471297,-1,15.2,20.105,4.027493262,5.12380643,31.52321456,41293.825,34.148,103.53,1.891,3.618,-0.939,3.874415134,3.222633894,80000
United Kingdom,1991,1142.797178,19900.72665,-1.4084858,-1.4,7.5,8.55,4.957660347,-10.89006188,29.19489603,57470.993,237.105,93.1,0.293,1.817,0.568,47.04545733,4.116802423,301000
United States,1991,6158.129,24342,-1.434247585,-0.1,4.2,6.8,4.915295961,-31.18,44.06159728,254912.608,28.037,96.797,1.216,2.059,4.688,299.3727791,4.883429398,2120000
Australia,1992,325.5184581,18623.79174,-0.690436666,2.6,1,10.733,8.970382905,-0.595971586,14.14554742,17457.924,2.284,99.302,1.041,1.892,2.323,6.88209158,2.16874608,68000
Brazil,1992,328.1919099,2105.133078,-2.179979806,-0.5,952,7.086,31.36541254,11.897,61.23514875,152994.044,18.458,99.261,1.661,2.71,0.093,4.993804466,1.521528861,296000
China,1992,426.9157127,366.4606923,12.83320958,14.3,6.4,2.37,0.415635119,4.998,17.22056641,1177947.9,123.393,104.003,1.119,1.776,-0.121,12.24426784,2.449542068,3160000
France,1992,1401.465923,23814.22737,1.094598035,1.4,2.5,10.203,8.32514,21.48945917,40.56325417,57409.877,104.383,94.468,0.504,1.735,1.077,37.90226982,2.690660711,522000
Germany,1992,2131.571697,26438.23039,1.151046332,2,5,6.323,7.89,-10.72859529,23.86619743,80566.494,232.198,94.158,0.91,1.305,10.028,39.50245227,1.860479941,442000
India,1992,288.2080703,317.5587387,3.316865934,5.5,9.9,6.853,9.132749406,-4.712170094,49.68090136,902957.07,303.7,106.929,2.123,3.877,0.039,8.083231409,2.704839706,1270000
Japan,1992,3980.702922,31992.79021,0.526745036,0.9,1.7,2.158,4.012356478,80.35471526,38.91493435,124144.724,330.084,97.332,0.384,1.478,1.374,35.99912358,0.94831244,242000
South Africa,1992,146.956151,3519.001296,-4.128461353,-2.1,14,20.369,3.654137358,5.286458564,35.61242581,42081.971,34.767,102.182,1.704,3.479,-1.681,3.67740646,2.817650615,75000
United Kingdom,1992,1179.65953,20487.17079,0.129932998,0.2,4.2,9.772,6.041855275,-13.62800785,30.39975006,57639.391,237.781,93.326,0.277,1.793,0.641,45.59259182,3.864717766,293000
United States,1992,6520.327,25418,2.096668642,3.5,3,7.5,3.884294898,-39.2071,46.05014442,258030.237,28.38,96.996,1.214,2.039,5.026,325.033736,4.970466808,1920000
Australia,1993,312.1283024,17699.55774,3.12373821,3.9,1.8,10.879,8.473781143,-1.312259379,17.87421126,17640.653,2.307,99.207,0.928,1.864,1.345,6.733829289,2.178029886,68000
Brazil,1993,368.2920344,2324.476145,3.242563272,4.7,1927.4,6.03,12.45663217,8.739,78.23651486,155556.113,18.76,99.198,1.58,2.66,-0.441,7.099899155,1.927922815,296000
China,1993,444.7312824,377.3898395,12.58199664,13.9,14.6,2.69,-3.651372091,-11.497,15.67014521,1191200.574,124.72,104.063,1.02,1.691,-0.312,12.36022586,1.928066874,3030000
France,1993,1322.815613,22380.3319,-1.059437335,-0.4,2.2,11.321,6.93214,24.35708063,46.85214563,57699.863,104.83,94.401,0.351,1.661,0.292,35.77527329,2.689534806,506000
Germany,1993,2071.32379,25522.62957,-1.625684284,-1,4.5,7.675,8.37,10.55981024,27.09422065,81303.302,233.781,94.504,0.45,1.288,5.671,35.03053759,1.693538323,398000
India,1993,279.295649,301.5007912,2.627465861,4.8,7.3,6.859,5.814776512,-3.482052608,51.75980829,922118.387,310.144,106.931,2.077,3.799,0.003,8.253542581,2.823542246,1270000
Japan,1993,4536.940479,36345.24413,-0.781376228,-0.5,1.3,2.539,4.312357955,95.48756952,42.11594183,124622.691,331.295,97.267,0.348,1.44,1.352,41.35393622,0.950663825,242000
South Africa,1993,147.1947476,3461.333911,-0.586806136,1.2,9.7,20.295,2.464687826,6.102068027,41.23216452,42805.047,35.466,103.84,2.273,3.372,4.503,3.254313378,2.495523698,75000
United Kingdom,1993,1061.388722,18389.01957,2.244410634,2.3,2.5,10.346,3.193314414,-9.577637335,35.31355001,57799.152,238.365,93.564,0.214,1.758,0.714,38.11320679,3.590649512,271000
United States,1993,6858.559,26387,1.405723182,2.8,3,6.9,3.545632164,-70.311,48.24614033,261181.802,28.711,97.198,1.105,2.01,4.678,316.7194437,4.604350295,1820000
Australia,1994,322.8024905,18129.40219,2.983092289,4.9,1.9,9.724,7.986057969,-4.713416475,20.18876537,17805.169,2.33,99.136,1.031,1.852,2.902,7.459696581,2.116598589,65000
Brazil,1994,525.3694673,3263.560237,4.182955815,5.3,2075.8,6.578,41.75684953,5.515,70.21458747,158033.041,19.055,99.132,1.547,2.603,-0.433,10.59149912,2.016007789,296000
China,1994,564.3218545,473.4899164,11.76638915,13,24.3,2.9,-7.989744154,7.611,16.85641258,1203416.576,125.938,104.118,0.924,1.628,-0.599,9.867120066,1.693479599,2930000
France,1994,1393.98275,23496.36768,1.976392275,2.4,1.7,12.593,7.012541,25.09548728,50.18145742,57902.67,105.19,94.324,0.335,1.665,-0.073,37.28860606,2.66037496,506000
Germany,1994,2205.074123,27076.60675,2.03735421,2.6,2.7,8.727,9.11,33.44569716,27.15039217,81670.243,234.604,94.594,0.253,1.254,3.859,34.19770564,1.550276433,362000
India,1994,327.2748435,346.2266102,4.525133814,6.7,10.3,6.828,4.337109738,-6.311718422,49.5942827,941163.767,316.55,106.949,2.012,3.723,-0.399,8.880551226,2.664673727,1270000
Japan,1994,4998.797548,39933.51506,0.801559685,1.1,0.7,2.89,3.93924918,93.44154265,55.11190585,125057.225,332.481,97.205,0.367,1.468,1.231,45.28559408,0.9228718,233000
South Africa,1994,153.5127124,3547.951748,1.428936716,3.2,8.8,20.073,5.255469727,3.060676857,50.32145874,43789.266,36.045,102.504,0.977,3.258,-6.11,3.478582291,2.561965901,75000
United Kingdom,1994,1140.489746,19709.2381,3.581967504,3.4,2,9.648,4.013230422,-6.980831142,40.48008846,57922.922,238.951,93.58,0.277,1.737,0.923,38.5690135,3.381933718,257000
United States,1994,7287.236,27694,2.76110897,4,2.6,6.119,4.898541338,-98.511,47.35348217,264084.66,29.021,97.393,1.047,1.988,4.442,308.084,4.215264675,1720000
Australia,1995,368.1660232,20448.12197,2.73260145,2.9,4.6,8.473,8.022844372,-5.240428241,22.12541485,17989.698,2.355,99.067,1.168,1.825,4.446,7.665878445,2.021312568,57100
Brazil,1995,769.333051,4704.959837,2.608090006,4.4,66,7.092,17.35412658,-10.652,72.3214588,160496.971,19.351,99.065,1.531,2.567,-0.433,14.31891961,1.86213698,680600
China,1995,734.4848346,609.6043379,9.754954889,11,16.8,3,-1.412648188,11.95759,21.61892076,1214589.617,127.097,104.169,0.909,1.588,-0.3,12.38512947,1.686233887,4130000
France,1995,1601.094756,26889.42506,1.736101244,2.5,1.8,11.834,7.423514,28.97120104,56.2145784,58097.063,105.539,94.243,0.327,1.718,-0.294,40.12402414,2.492496189,502400
Germany,1995,2585.792275,31658.34938,1.246141876,1.5,1.7,8.158,8.79,10.53652692,29.23651485,81876.99,235.311,94.691,0.348,1.262,4.853,38.7426991,1.495022014,365000
India,1995,360.2819096,373.6282357,5.452945861,7.6,10,6.99,5.864178109,-10.21186422,47.4916413,960301.044,322.987,106.981,2.014,3.651,-0.06,9.754464629,2.578483572,2149500
Japan,1995,5545.563664,44197.6191,2.390519558,2.6,-0.1,3.15,4.050494997,68.92547841,60.77122237,125516.496,333.505,97.145,0.249,1.407,0.698,49.96167324,0.916876617,251500
South Africa,1995,171.7359339,3904.324238,1.416824108,3.1,8.8,19.799,6.36739524,1.027227364,48.23541254,44219.013,36.485,97.116,1.448,3.172,-2.209,3.292446561,2.117864047,276900
United Kingdom,1995,1344.240177,23168.95296,2.26078363,2.4,2.6,8.694,-4.301166931,-4.886522252,88.53758606,58083.484,239.575,93.649,0.245,1.709,1.131,38.29428308,2.854199491,233000
United States,1995,7639.749,28690,1.468929171,2.7,2.8,5.65,6.594217971,-96.387,47.20953529,266864.96,29.32,97.584,1,1.965,4.374,295.8530977,3.860245792,1635600
Australia,1996,401.3418806,22021.78391,2.610797814,4,2.7,8.509,6.832512794,-0.533267382,28.23514565,18200.991,2.383,98.964,1.14,1.804,4.532,8.202776516,1.930440067,58800
Brazil,1996,850.426433,5121.905407,0.656502163,2.2,15.8,8.035,33.21458769,-13.512,76.23541895,162973.176,19.646,99,1.497,2.511,-0.438,14.07322654,1.6548435,680600
China,1996,863.7493147,709.4158882,8.776429811,9.9,8.3,3.12,3.354970473,17.551,21.42541234,1225678.238,128.223,104.216,0.856,1.554,-0.204,14.27540082,1.65272667,4135000
France,1996,1605.675087,26870.28524,1.05172456,1.3,2.1,12.367,6.41254,31.18939232,60.25012355,58287.343,105.881,94.18,0.32,1.74,-0.368,38.9777341,2.414473951,491300
Germany,1996,2497.244606,30485.86655,0.514437285,1,1.3,8.822,9.34,17.77198893,32.2365984,82162.791,236.009,94.805,0.244,1.33,3.419,36.70118977,1.46585846,383500
India,1996,392.8968662,399.5773122,5.471108102,7.5,9.4,7.147,7.7929943,-13.98431468,45.7233077,979678.458,329.504,107.018,1.982,3.582,-0.027,9.904672736,2.472768225,2223000
Japan,1996,4923.391534,39150.03963,2.900141234,3.1,0.1,3.383,3.117254681,21.3093716,65.41006169,125828.834,334.308,97.084,0.233,1.403,0.199,44.04710468,0.911247076,247500
South Africa,1996,163.2349254,3654.927598,2.722433879,4.3,7.3,19.643,10.64480937,2.192238677,46.72154875,44864.096,36.961,93.173,1.148,2.991,-4.277,2.59178713,1.755878798,277900
United Kingdom,1996,1419.645866,24406.4003,2.321153895,2.6,2.4,8.189,1.748899975,-3.662771031,87.53616786,58225.785,240.168,93.739,0.25,1.722,1.34,38.56613465,2.724592322,221000
United States,1996,8073.122,29967,2.572463994,3.8,2.9,5.451,6.324285988,-104.035,46.74176855,269546.629,29.61,97.78,0.97,1.96,4.215,287.9606687,3.554982206,1572100
Australia,1997,435.6426113,23646.62305,2.794868491,4.7,0.2,8.367,5.819743006,1.646368836,26.123541,18409.624,2.409,98.839,1.03,1.783,3.656,7.936884917,1.867334395,58400
Brazil,1997,883.2061797,5240.127176,1.855343025,3.4,6.9,9.003,65.40884498,-19.3805947,73.25416859,165431.922,19.94,98.935,1.476,2.468,-0.434,13.93426655,1.577688316,700300
China,1997,961.601981,781.7425612,8.124497577,9.2,2.8,3.23,6.911698894,42.824,20.60499338,1236211.386,129.285,104.262,0.794,1.527,-0.225,15.69958677,1.632650673,3640000
France,1997,1452.884918,24226.88469,1.972119245,2.5,1.3,12.566,5.5124,43.52497398,61.57448742,58473.94,106.222,94.128,0.323,1.73,-0.26,34.6979041,2.375409653,473100
Germany,1997,2211.989623,26964.04947,1.643334273,1.9,1.5,9.861,8.84,23.72402713,35.2145879,82363.588,236.371,94.599,0.063,1.377,1.132,31.2677104,1.409301733,347100
India,1997,415.8675636,414.8986797,2.071873277,4,6.8,7.335,6.909578995,-13.36013175,50.36543613,999133.762,336.048,107.057,1.951,3.514,0.001,11.46488339,2.647732426,2233000
Japan,1997,4492.448606,35638.23196,0.740905953,1,1.7,3.374,1.934613154,47.45001425,72.99671748,126121.77,335.079,97.02,0.228,1.376,0.343,40.63484061,0.920437898,247600
South Africa,1997,168.9780573,3731.431561,1.187492787,2.6,8.6,19.679,10.96989892,1.71020703,45.86521424,45381.94,37.407,90.685,1.248,2.734,-2.15,2.414137709,1.582133557,217440
United Kingdom,1997,1560.911919,26766.00562,4.655038715,4.9,1.8,7.072,6.720383583,2.898078057,88.69798249,58371.345,240.78,93.81,0.259,1.722,1.548,39.88994745,2.560148772,218000
United States,1997,8577.552,31459,3.197165614,4.4,2.3,5,6.603347424,-108.288,44.11748247,272174.763,29.895,97.982,0.946,1.956,4.084,293.1678258,3.405562244,1533300
Australia,1998,399.6744218,21479.1142,3.625218476,4.7,0.9,7.684,5.485434279,-6.467569673,27.2541479,18600.201,2.434,98.723,1.086,1.765,4.348,7.10754289,1.871121813,58400
Brazil,1998,863.7107593,5049.764669,-1.124442426,0.3,3.2,10.15,77.61683799,-18.61074603,68.21456326,167891.396,20.239,98.87,1.5,2.418,0.128,14.35735705,1.66229192,698850
China,1998,1029.060748,828.594691,6.816064564,7.9,-0.8,3.24,7.356478446,43.837,20.66444073,1246067.858,130.297,104.308,0.764,1.522,-0.032,17.0317802,1.655080691,3820000
France,1998,1503.108739,24971.57449,3.205153055,3.5,0.7,12.074,4.67451,42.17069654,62.36396883,58663.38,106.603,94.234,0.393,1.764,0.344,33.63356128,2.226208307,452200
Germany,1998,2238.990775,27289.05936,1.998485321,2.1,0.6,9.787,8.36,27.61338308,38.77344347,82415.688,235.288,94.609,-0.985,1.364,-9.2,31.20076808,1.390894786,333500
India,1998,421.3513172,412.5093541,4.19892116,6.2,13.1,7.517,5.121276329,-13.60101631,50.31921817,1018665.08,342.617,107.096,1.921,3.446,-0.001,11.92061082,2.727311417,2265000
Japan,1998,4098.36271,32423.75561,-1.538244076,-1.3,0.7,4.078,2.348223426,72.96860232,80.47828377,126410.088,335.831,96.946,0.22,1.371,0.363,37.84901264,0.938594775,254600
South Africa,1998,152.9829846,3336.439647,-0.743024353,0.5,7,19.821,12.69103362,1.729665352,45.12564152,45951.736,37.863,90.674,1.178,2.63,-1.79,1.905656008,1.383166723,211700
United Kingdom,1998,1653.694932,28274.50451,3.113353056,3.4,1.6,6.198,5.884892441,-11.83060961,90.48673962,58522.833,241.52,93.878,0.355,1.711,1.757,41.22212583,2.495962275,218000
United States,1998,9062.817,32853,3.272229834,4.5,1.5,4.511,7.149945265,-166.13,41.12915443,274761.262,30.185,98.198,0.984,1.98,4.437,290.9960551,3.201558499,1594000
Australia,1999,389.6522121,20712.66978,3.88493233,4.4,1.4,6.876,6.06244473,-10.08242533,31.06607034,18803.233,2.461,98.626,1.129,1.764,4.913,7.770250653,1.889235741,56200
Brazil,1999,599.6420243,3456.423303,-0.948845923,0.5,4.9,11.125,67.06091709,-9.991935231,62.21345875,170427.914,20.536,98.804,1.414,2.335,-0.137,9.866973918,1.645474667,676600
China,1999,1094.003875,873.2923363,6.733485658,7.7,-1.4,3.25,7.204050341,30.641,21.86295593,1255626.395,131.268,104.355,0.722,1.53,-0.076,20.47391509,1.871465914,3820000
France,1999,1493.151738,24678.39106,2.88869862,3.3,0.6,11.981,4.5512,37.92006279,59.1702064,58894.252,107.157,94.316,0.643,1.793,2.868,32.67271428,2.17784297,411600
Germany,1999,2194.945279,26734.94254,1.821428031,2.1,0.6,8.854,8.46,12.1224208,40.4609416,81608.19,234.331,94.86,0.172,1.37,2.685,30.69015843,1.395074355,331000
India,1999,458.8210526,440.9620652,6.851333406,8.8,3.4,7.682,9.191247322,-11.44122884,51.35295144,1038225.823,349.196,107.132,1.883,3.383,-0.092,13.89556246,2.957195647,2263000
Japan,1999,4635.982224,36610.16832,-0.51574059,-0.3,-0.3,4.677,3.444634362,69.16457826,90.65379413,126688.274,336.501,96.866,0.179,1.34,0.449,43.1228985,0.945248337,254600
South Africa,1999,151.5169571,3267.939169,1.268070803,2.4,5.1,19.926,10.39506698,3.459740002,44.63254149,46496.025,38.278,90.65,1.003,2.559,-2.697,1.738036625,1.272052931,78150
United Kingdom,1999,1687.830448,28762.09136,2.723119634,3.1,1.3,6.042,3.917477268,-17.19010596,87.58789856,58730.806,242.393,93.964,0.367,1.682,2.071,40.76040067,2.422909593,218000
United States,1999,9631.172,34515,3.591980378,4.8,2.2,4.219,6.487267351,-255.813,37.72728802,277477.403,30.476,98.426,0.938,1.99,4.148,298.0948913,3.085676783,1575000
Australia,2000,416.1678151,21870.41597,2.738944295,3.1,4.5,6.288,5.037423965,-4.278715479,29.52281212,19016.729,2.49,98.549,1.21,1.764,5.811,7.273760312,1.829841913,51600
Brazil,2000,655.448232,3726.811669,2.970910781,4.4,7,10.892,48.5047282,-10.57060861,63.21458746,172855.172,20.82,98.734,1.337,2.247,-0.263,11.34403253,1.730726147,673200
China,2000,1211.331652,959.3604314,7.638597676,8.5,0.3,3.26,3.710664082,28.873534,22.98670716,1264726.915,132.248,104.406,0.765,1.628,-0.049,22.23714015,1.835759685,3910000
France,2000,1365.639661,22416.42542,3.212384848,4.4,1.8,10.218,4.75,12.92044831,58.29925233,59274.168,107.882,94.22,0.705,1.876,2.885,28.40313895,2.085018245,389400
Germany,2000,1947.981991,23694.76048,2.773221251,2.9,1.4,7.917,10.13,3.860821676,42.24087166,81748.384,234.672,94.819,0.12,1.386,2.134,26.49759316,1.358883033,221100
India,2000,468.3955217,442.0353304,1.965952437,3.8,3.8,7.856,8.342610831,-13.14349427,55.0042465,1057922.733,355.821,107.164,1.875,3.35,-0.136,14.28751424,2.948929906,2372000
Japan,2000,4968.359076,39169.35957,2.592891087,2.8,-0.7,4.748,3.449521334,69.09120172,98.93382307,126914.854,337.101,96.788,0.178,1.346,0.185,45.50967383,0.91598561,248700
South Africa,2000,151.7527572,3241.661396,3.201510449,4.2,5.3,19.841,4.870582387,3.920384073,43.31254715,46964.645,38.63,90.593,0.827,2.413,-2.901,1.891725013,1.387289131,71600
United Kingdom,2000,1665.534877,28280.92679,3.946660415,4.3,0.8,5.558,4.765491918,-19.77218073,87.60202116,58946.508,243.294,94.086,0.375,1.641,2.386,39.34371127,2.372796645,212500
United States,2000,10250.952,36329,2.925862545,4.1,3.4,3.992,6.813792459,-369.689,33.26764187,280093.565,30.771,98.661,0.988,2.03,4.435,320.0863242,3.112242147,1454800
Australia,2001,379.6293017,19695.72974,0.723531157,2.6,4.4,6.747,2.113096865,2.098010276,27.69330593,19248.213,2.521,98.516,1.211,1.738,6.07,7.043145895,1.870093879,51700
Brazil,2001,559.9836348,3142.23514,0.059648944,1.4,6.8,10.649,45.63781871,-7.220433515,67.33541258,175181.391,21.093,98.659,1.27,2.162,-0.293,10.93023157,1.951882445,673200
China,2001,1339.400897,1053.112314,7.551654832,8.3,0.7,3.8,3.72666389,28.084,24.57461999,1274435.436,133.201,104.455,0.671,1.563,-0.138,26.561463,1.983086244,3810000
France,2001,1377.657339,22449.33969,1.24252729,1.8,1.8,8.61,3.75,17.86738631,57.81887921,59693.265,108.646,94.134,0.707,1.879,2.996,27.95156638,2.03069529,374400
Germany,2001,1945.790974,23628.32721,1.510558261,1.6,1.9,7.773,8.62,31.68874258,40.25352813,81846.133,235.064,94.82,0.214,1.354,3.33,25.81540196,1.323438303,308400
India,2001,485.4401392,449.9103137,2.945319361,4.8,4.4,8.039,8.591449296,-9.180938408,59.0179098,1077898.575,362.539,107.187,1.866,3.303,-0.065,14.60064235,2.924435546,2352700
Japan,2001,4374.711694,34406.18246,0.14451169,0.4,-0.7,5.02,3.087795385,26.48067504,102.846758,127140.724,337.718,96.702,0.188,1.325,0.468,40.75796723,0.931672842,252100
South Africa,2001,135.4299059,2867.472497,1.794442757,2.7,5.7,19.725,5.538341433,4.867804949,43.51234156,47354.792,38.963,90.598,0.891,2.373,-1.278,1.802262236,1.483161018,67000
United Kingdom,2001,1649.827264,27906.5695,2.18459671,2.6,1.2,4.696,3.563385019,-28.42468361,84.36484358,59168.168,244.244,94.235,0.405,1.624,2.7,39.51257994,2.411122101,211400
United States,2001,10581.929,37133,-0.038731926,1,2.8,4.731,4.567138944,-360.373,52.44368016,282874.696,31.077,98.828,0.988,2.011,4.617,331.8056106,3.123809803,1420700
Australia,2002,395.788696,20301.84317,2.80352716,4.2,3,6.375,3.424915009,-4.71922038,25.8835396,19482.653,2.551,98.537,1.15,1.765,5.555,7.946766201,1.873964621,50900
Brazil,2002,509.7952738,2824.715413,1.760242779,3.1,8.4,10.641,48.34043745,5.921177448,76.12541689,177421.015,21.357,98.581,1.213,2.081,-0.235,9.664561903,1.895771199,673200
China,2002,1470.557655,1148.514257,8.404879975,9.1,-0.8,4.24,4.679724345,37.38308766,25.91554619,1283014.689,134.049,104.5,0.599,1.566,-0.592,30.28412741,2.059364653,3770000
France,2002,1501.409383,24288.27002,0.401189129,1.1,1.9,8.702,3.25,27.60735111,61.17654987,60116.99,109.411,94.058,0.697,1.865,3.172,30.57839893,2.04625799,361800
Germany,2002,2078.484517,25197.2656,-0.365628327,-0.2,1.3,8.482,8.24,88.40703941,41.83761578,82021.636,235.45,94.855,0.114,1.344,2.666,27.61135567,1.327958121,296000
India,2002,514.9391403,468.8455131,1.975907984,3.8,5,8.248,7.907177189,-5.122207191,62.55277129,1097600.38,369.166,107.201,1.758,3.217,-0.667,14.74966725,2.82686683,2387700
Japan,2002,4182.846046,32820.79364,-0.190392014,0,-0.9,5.386,3.301822933,51.601039,111.8762497,127379.572,338.313,96.605,0.165,1.308,0.477,39.33370817,0.94035754,252100
South Africa,2002,129.0875566,2708.423333,2.760877986,3.7,9,19.658,2.854185516,4.362352875,36.93214569,47778.809,39.334,90.752,1.002,2.324,1.048,1.766082897,1.529309559,60000
United Kingdom,2002,1785.729916,30077.74143,1.36197324,1.8,1.3,5.037,1.838240759,-42.32599654,86.40064661,59408.012,245.285,94.378,0.446,1.633,3.015,44.245266,2.485659675,210400
United States,2002,10929.108,37997,0.761236853,1.7,1.6,5.783,3.073247242,-420.666,53.86253846,285684.581,31.384,98.92,0.975,2.003,4.655,378.4631388,3.447618099,1467000
Australia,2003,467.7390798,23718.13385,1.911738676,3,2.7,5.933,3.521734659,-14.41667153,25.07371362,19708.057,2.58,98.568,1.124,1.764,5.269,9.926649415,1.846289689,53600
Brazil,2003,558.2337457,3056.649798,-0.051285666,1.1,14.7,11.169,46.44739884,17.46161861,71.5142157,179585.952,21.61,98.501,1.148,2.006,-0.306,8.392905884,1.503477636,673200
China,2003,1660.280544,1288.637491,9.354776644,10,1.2,4.58,2.638146636,35.82112907,26.80032058,1290718.988,134.846,104.541,0.587,1.57,-0.474,33.14400048,1.996288936,3750000
France,2003,1844.544792,29627.92426,0.109402979,1,2.2,8.307,2.5,24.04240251,63.67355424,60537.506,110.162,93.994,0.67,1.873,3.22,38.56911581,2.095680413,360400
Germany,2003,2501.640388,30310.3576,-0.755077167,-0.5,1.1,9.779,4.27,94.70084375,42.9838531,82115.017,235.574,94.802,-0.008,1.343,1.729,32.99736302,1.316924865,284500
India,2003,607.7006872,543.8450534,6.016520564,7.9,4.1,8.397,7.30788116,-8.164091361,62.1900539,1116803.006,375.624,107.209,1.711,3.122,-0.543,16.33398664,2.677776932,2414700
Japan,2003,4519.561645,35387.03742,1.318091962,1.5,-0.3,5.251,3.48582884,72.48745262,121.9153209,127589.624,338.809,96.502,0.128,1.285,0.586,42.48617736,0.94004661,252100
South Africa,2003,197.0189653,4095.6837,2.001993713,2.9,5.9,19.728,8.047848389,4.046566618,36.92135642,48260.021,39.728,90.999,0.991,2.358,1.353,2.574176278,1.468811238,55700
United Kingdom,2003,2054.422857,34442.68754,2.667396166,3.2,1.4,4.807,1.272565875,-43.63784463,86.69351698,59673.514,246.437,94.51,0.491,1.698,3.329,52.34312228,2.552062015,212600
United States,2003,11456.45,39490,1.915882478,2.8,2.3,5.989,2.10659449,-496.251,56.25036551,288484.095,31.692,99.012,0.982,2.025,4.592,440.5320696,3.827161045,1480000
Australia,2004,614.6599801,30836.73068,3.115893443,4.1,2.3,5.399,3.698201606,-19.18870245,22.86107102,19930.852,2.609,98.603,1.156,1.784,5.491,11.99521971,1.827410769,52000
Brazil,2004,669.2894248,3623.224462,4.561781957,5.8,6.6,10.072,43.77915272,25.82951096,68.03254173,181659.425,21.856,98.421,1.112,1.973,-0.42,9.780111585,1.461268409,687000
China,2004,1955.346769,1508.667916,9.46155877,10.1,3.9,4.49,-1.282811705,51.17438254,26.39322588,1298315.664,135.635,104.581,0.581,1.605,-0.592,37.90457183,1.938508233,3755000
France,2004,2119.633182,33797.16244,2.076624908,2.5,2.3,8.914,2,17.35587595,64.64241302,60944.745,110.949,93.919,0.754,1.898,3.28,44.52457961,2.104350835,358000
Germany,2004,2814.353869,34106.65812,1.197055352,1.2,1.8,10.727,3.98,146.1733337,44.08540035,82108.214,235.52,94.764,-0.038,1.361,0.996,35.77657389,1.268957396,284000
India,2004,709.1527288,624.108803,6.132606167,7.9,4,8.551,4.910128303,-14.96025337,62.59297674,1135991.513,382.078,107.212,1.696,3.046,-0.182,20.23856653,2.828752248,2617000
Japan,2004,4893.116006,38298.98017,2.151723329,2.2,0,4.734,2.924240609,94.23037435,127.5476298,127752.879,339.192,96.395,0.098,1.277,0.54,45.33980941,0.926604016,251000
South Africa,2004,255.8069086,5268.278576,3.581230211,4.6,1.4,19.634,4.950384359,-0.410368408,35.91457845,48740.675,40.13,91.268,1.024,2.436,1.203,3.099065125,1.355728578,55000
United Kingdom,2004,2421.525082,40366.88867,1.845402665,2.5,1.3,4.594,1.714791106,-55.76400261,90.51168234,59967.256,247.877,94.633,0.674,1.747,4.079,60.25078254,2.497821368,205000
United States,2004,12217.196,41724,2.891110912,3.8,2.7,5.529,1.607680461,-610.833,56.66227341,291332.104,32.007,99.099,0.993,2.031,4.486,492.9993762,4.016312736,1473000
Australia,2005,695.6928987,34479.76793,1.906065238,3,2.7,5.036,3.306339873,-14.81298245,22.4060503,20162.502,2.642,98.651,1.301,1.849,6.473,13.2377985,1.80249268,53000
Brazil,2005,891.6338399,4773.268551,2.055571501,3.2,6.9,10.551,44.63516886,33.67422922,66.97845124,183690.861,22.097,98.342,1.08,1.942,-0.481,13.58861974,1.524013393,673000
China,2005,2285.96115,1753.414192,10.74137513,11.4,1.8,4.52,1.613277503,124.6267975,26.31166052,1305884.967,136.461,104.616,0.632,1.624,-0.079,42.78995365,1.871858023,3755000
France,2005,2196.945232,34768.1759,0.903680387,2,1.9,8.882,2.5,-0.283241312,65.61117387,61405.748,111.765,93.83,0.712,1.916,3.106,44.44205052,2.023706919,359000
Germany,2005,2846.864211,34520.23965,0.788917116,0.9,1.9,11.167,4.51,148.7689212,45.85554405,82077.203,235.388,94.633,-0.074,1.344,0.992,30.32496518,1.065629701,285000
India,2005,820.3837635,710.5112225,6.206011032,7.9,3.7,8.697,4.855145172,-27.27633627,62.2265261,1154676.322,388.363,107.21,1.568,2.958,-0.805,23.07231293,2.910587502,3047000
Japan,2005,4831.467035,37812.89502,1.794339801,1.8,-0.3,4.446,2.90562806,69.91167115,128.2074929,127878.669,339.451,96.278,0.054,1.245,0.884,44.30061333,0.9169168,272000
South Africa,2005,288.8672172,5893.187076,4.286771531,5.3,3.4,19.557,4.761489203,-0.633341903,34.63125478,49242.166,40.539,91.543,1.002,2.512,0.632,3.566963815,1.234811253,56000
United Kingdom,2005,2543.18,42104.78844,2.035842098,2.7,2.1,4.751,1.664488656,-54.36167907,92.15892201,60372.678,249.633,94.75,0.737,1.761,4.828,61.65363504,2.422716076,217000
United States,2005,13039.197,44123,2.534110707,3.5,3.4,5.084,2.960875213,-716.537,56.53885742,294240.403,32.327,99.182,0.998,2.04,4.63,533.203,4.089231875,1546000
Australia,2006,748.4175628,36595.70715,1.377980034,2.6,3.6,4.785,2.375590567,-12.73976955,21.43929731,20426.478,2.68,98.727,1.594,1.882,9.324,14.23977951,1.822330926,51000
Brazil,2006,1107.626542,5866.023414,2.847962008,4,4.2,9.692,41.24032645,33.45251382,64.62513459,185685.342,22.332,98.263,1.037,1.896,-0.486,16.40486731,1.481084895,754000
China,2006,2752.118657,2099.21943,12.09330469,12.7,1.5,4.43,2.110577727,208.9189245,25.56791961,1314169.304,137.297,104.648,0.589,1.644,-0.576,51.45337323,1.869591636,3605000
France,2006,2320.536221,36470.21284,1.741085258,2.9,1.9,8.833,3,-8.152873482,60.97429268,61844.316,112.536,93.818,0.662,1.974,2.136,45.79214842,1.9750983,354000
Germany,2006,2994.703642,36353.88033,3.933610331,3.9,1.8,10.25,5.08,162.4850183,44.09101581,82016.258,234.399,94.844,-0.769,1.339,-5.986,35.88365797,1.199302958,246000
India,2006,940.2598888,802.013742,6.426044713,8.1,6.7,8.614,2.570606702,-31.76996426,59.66673028,1172878.89,394.485,107.199,1.56,2.867,-0.292,23.95192796,2.68038156,2589000
Japan,2006,4601.663123,35991.546,1.308127183,1.4,0.3,4.192,2.548823046,63.04544432,128.5996679,127947.992,339.674,96.166,0.077,1.285,1.016,41.55259289,0.902988432,252000
South Africa,2006,303.8586754,6139.581618,4.591102101,5.6,4.7,19.425,4.81030228,-4.634129812,32.62534157,49737.899,40.955,91.81,1.042,2.548,0.663,3.506139657,1.153872006,103000
United Kingdom,2006,2708.441582,44512.45903,1.636445587,2.4,2.3,5.35,1.801227475,-50.95793699,92.16460445,60819.538,251.507,94.882,0.759,1.812,5.578,64.21761953,2.369674403,181000
United States,2006,13815.583,46301,1.798198747,2.8,3.2,4.623,4.72786367,-763.533,55.46735161,297192.924,32.657,99.261,1.029,2.087,4.512,558.335,4.041342302,1498000
Australia,2007,855.0074586,41051.61207,1.896708392,4.3,2.4,4.381,3.057411476,-22.88049566,20.09571882,20754.641,2.728,98.854,1.908,1.991,11.925,17.18644096,1.812273234,55000
Brazil,2007,1397.114486,7323.191594,4.98082992,6.1,3.6,9.28,35.02251547,22.21725418,63.0214588,187620.869,22.559,98.184,0.988,1.854,-0.57,20.48575801,1.4662921,721000
China,2007,3550.327803,2693.958732,13.6358205,14.2,4.8,4.35,-0.259570586,308.0360288,29.16434045,1321938.768,138.106,104.683,0.585,1.666,-0.786,62.13659075,1.750164585,2885000
France,2007,2660.591246,41557.62356,1.795236367,2.5,1.6,8.009,3.75,-18.50889857,59.48742119,62255.359,113.229,93.852,0.567,1.952,1.473,50.68446738,1.907528634,353000
Germany,2007,3425.578383,41640.08087,3.114245883,2.9,2.3,8.658,4.19,232.1323463,41.57148287,81387.684,233.241,95.225,-0.219,1.378,-0.305,40.11085928,1.172471765,244000
India,2007,1216.736439,1022.732467,6.093625781,7.7,5.9,8.534,5.681844065,-38.70371244,57.49753639,1190676.021,400.471,107.183,1.453,2.775,-0.871,28.25477345,2.478246528,2576000
Japan,2007,4579.75092,35779.02454,1.367422326,1.5,0,3.888,2.606878389,83.50274042,132.2220465,128046.503,339.914,96.067,0.064,1.305,1.078,40.53004569,0.884987382,242000
South Africa,2007,333.0771173,6662.062785,4.29764521,5.4,7.1,19.39,4.546045669,-3.999046294,28.32564188,50258.655,41.389,92.058,1.068,2.545,0.719,3.526748772,1.058839241,62000
United Kingdom,2007,3090.510204,50397.6855,1.824364462,2.6,2.3,5.262,3.184462448,-59.99976125,93.80223315,61282.651,253.504,95.038,0.823,1.863,6.327,73.44803201,2.374657771,160000
United States,2007,14474.228,48050,1.038343822,2,2.9,4.622,5.199863763,-711,55.6599219,300267.495,32.997,99.334,1.045,2.096,4.543,589.586,4.073350515,1555000
Australia,2008,1056.112427,49701.28178,1.531111868,2.6,4.3,4.242,4.148913129,-12.41204145,18.1805466,21154.456,2.782,99.018,2.023,2.02,12.904,18.63309232,1.796688089,55000
Brazil,2008,1695.855084,8801.757876,4.061722166,5.1,5.7,8.268,35.3667578,1.980084511,61.4254787,189483.771,22.776,98.104,0.928,1.815,-0.741,24.45290304,1.441924093,721000
China,2008,4594.336786,3468.327063,9.090280101,9.6,5.8,4.59,-2.305615343,348.8325332,27.15879761,1329688.395,138.94,104.718,0.62,1.701,-0.573,78.84080282,1.716042546,2885000
France,2008,2930.303781,45515.96175,-0.302483826,0.3,3.2,7.386,4.25,-41.91258172,65.37256949,62609.519,113.86,93.855,0.544,1.987,1.267,55.36596584,1.897075896,353000
Germany,2008,3745.264094,45612.71062,1.152029742,0.9,2.8,7.525,5.09,229.5050234,44.52140004,81209.401,232.702,95.267,-0.243,1.387,-0.288,45.09895631,1.209034004,244000
India,2008,1198.895139,993.5034053,1.630780589,3.1,9.2,8.486,3.77175625,-74.36004352,57.29221428,1207930.964,406.274,107.164,1.425,2.711,-0.844,33.00237673,2.631460781,2582000
Japan,2008,5106.679115,39876.30397,-1.272109949,-1.2,1.4,4.002,2.846981386,17.34117849,138.5742742,128128.861,340.095,95.966,0.042,1.33,1.113,46.36146828,0.907855046,242000
South Africa,2008,316.1312586,6251.877427,2.028404688,3.2,11,19.507,6.745151503,-4.930518851,27.81253649,50798.512,41.869,92.289,1.237,2.679,0.721,3.2862277,1.039513319,62000
United Kingdom,2008,2929.411765,47396.12021,-1.007901032,-0.2,3.6,5.615,1.230162387,-52.18437524,105.4065638,61789.058,255.529,95.197,0.768,1.905,7.077,72.91540767,2.487150085,160000
United States,2008,14769.862,48570,-0.828888121,0.1,3.8,5.784,3.10104222,-712.352,63.81511215,303420.956,33.339,99.403,1.016,2.053,4.646,656.756,4.446595522,1540000
Australia,2009,928.7621227,42816.5674,-0.185773153,2,1.8,5.565,1.021134965,-8.697603424,23.86865497,21586.721,2.835,99.132,1.802,1.972,10.817,18.96013851,1.923938334,56552
Brazil,2009,1666.996439,8569.902547,-1.073238333,-0.1,4.9,9.419,34.79200963,2.316649166,64.71524784,191250.832,22.981,98.023,0.863,1.799,-1.146,25.64880991,1.538625697,713480
China,2009,5101.691124,3832.227457,8.855947676,9.4,-0.7,4.72,5.531122909,220.1304014,34.56702283,1337953.637,139.846,104.746,0.681,1.714,-0.132,96.60166675,1.893523796,2945000
France,2009,2700.887367,41737.76355,-3.370397283,-2.7,0.1,9.122,1.5,-32.83316028,77.94778204,62950.861,114.452,93.861,0.493,1.99,0.92,56.4414554,2.098147335,341967
Germany,2009,3411.261213,41650.36783,-5.454577169,-5.5,0.2,7.742,3.15,172.768389,48.48724103,81012.152,232.199,95.128,-0.19,1.367,0.575,44.52892784,1.310604073,251465
India,2009,1341.888017,1096.636136,6.371709388,7.9,10.6,8.406,4.808592108,-67.41001879,55.25644611,1225524.753,412.192,107.141,1.467,2.674,-0.255,38.72215439,3.129384727,2625586
Japan,2009,5289.493118,41308.99684,-5.68145234,-5.7,-1.3,5.068,2.306032611,23.25194866,156.9844853,128183.119,340.192,95.864,0.015,1.333,0.979,51.46515821,0.972969566,260382
South Africa,2009,329.7540606,6444.18684,-2.702155972,-1.5,7.2,20.512,2.802508977,1.520940147,31.31254698,51430.685,42.372,92.506,1.152,2.501,0.803,3.592687702,1.089504709,77153
United Kingdom,2009,2412.840006,38744.13169,-5.333719394,-4.6,2.2,7.537,-1.223114798,-30.17930457,123.7283397,62265.555,257.502,95.343,0.77,1.893,6.466,64.01050667,2.647724533,178470
United States,2009,14478.067,47194,-3.426831943,-2.6,-0.3,9.254,2.617077655,-394.779,75.84203748,306519.709,33.673,99.465,0.976,1.987,4.504,705.917,4.875768359,1563996
Australia,2010,1148.8902,52147.02419,0.648500068,2.4,2.9,5.214,6.057533614,6.158981327,28.66210103,21979.301,2.882,99.142,1.466,1.948,7.531,23.21769282,1.852928258,56552
Brazil,2010,2208.837745,11249.29189,6.522816179,7.5,5,8.424,29.11580552,-19.36890696,61.31878046,192909.069,23.175,97.943,0.819,1.786,-1.35,34.00294447,1.539406981,713480
China,2010,6087.191747,4550.473944,10.10283262,10.6,3.3,4.53,-1.002401214,223.0238717,33.92428554,1347091.795,140.788,104.77,0.661,1.687,-0.136,105.5226481,1.733519862,2945000
France,2010,2645.187882,40676.06479,1.448245262,1.8,1.7,9.279,1,-43.5150921,80.30129971,63262.065,115.016,93.887,0.49,2.017,0.83,52.04406057,1.969419353,341967
Germany,2010,3399.66782,41572.45595,4.339606777,4.1,1.1,6.967,3.09,180.221496,56.63168772,80858.414,231.9,95.022,-0.068,1.4,1.61,43.02591501,1.266826626,251465
India,2010,1675.615519,1350.63447,7.013174581,8.5,9.4,8.318,-1.983859221,-91.02366248,51.5919103,1243481.564,418.231,107.115,1.443,2.598,-0.041,46.09044566,2.889463272,2625586
Japan,2010,5759.071769,44968.15623,4.079223048,4.1,-0.7,5.103,3.545761915,78.19708142,160.4980984,128201.82,340.173,95.765,-0.026,1.357,1.029,54.65545074,0.949032561,260382
South Africa,2010,417.3638228,8059.562798,1.817735697,3,4.2,23.181,3.49095979,4.979510585,34.71235698,52026.347,42.876,92.729,1.214,2.445,1.31,4.188168092,1.003481069,77153
United Kingdom,2010,2485.482596,39598.95712,1.440384158,2.2,3.3,7.787,-1.066845257,-38.93453522,131.0878784,62746.896,259.563,95.515,0.824,1.918,5.855,63.97911197,2.567999605,174020
United States,2010,15048.971,48650,1.846740458,2.7,1.6,9.633,2.010282621,-503.078,84.96437398,309527.2,34.005,99.52,0.987,1.916,5.126,738.005,4.904023332,1569417
Australia,2011,1398.701323,62609.66072,0.995812002,2.8,3.4,5.083,1.445735455,13.30160567,30.09344793,22303.86,2.926,99.103,1.565,1.922,8.793,26.59719866,1.755656947,57050
Brazil,2011,2616.156224,13200.55623,3.013396273,4,6.6,7.578,32.83345951,-16.82970857,59.3416583,194494.79,23.365,97.862,0.809,1.777,-1.208,36.9362099,1.411851159,713480
China,2011,7551.545703,5614.386022,8.953816042,9.6,5.4,4.55,-1.402428747,181.9037389,33.7716055,1356031.233,141.693,104.785,0.62,1.668,-0.306,125.2863732,1.659082516,2945000
France,2011,2865.157542,43846.46608,1.700610402,2.5,2.3,9.228,1.25,-56.66327793,82.29224206,63572.66,115.59,93.882,0.506,1.995,1.101,54.12087101,1.891406214,332250
Germany,2011,3749.314991,46705.8958,5.869635737,3.8,2.5,5.825,2.58,184.7387701,55.69577065,80803.434,231.977,95.188,0.135,1.385,3.652,45.16321288,1.206150336,196000
India,2011,1823.05183,1449.603301,3.818074312,5.2,8.1,8.222,1.317980862,-106.6867826,51.55655366,1261224.954,424.199,107.086,1.391,2.532,-0.196,49.63381579,2.704482223,2647150
Japan,2011,6233.147172,48760.07895,0.209251803,0,-0.3,4.55,3.174489687,-39.54435923,175.5676412,128168.73,339.937,95.702,-0.113,1.363,0.763,60.76221384,0.97482355,260086
South Africa,2011,458.1994948,8737.041269,1.873318226,3.2,5,21.416,3.279301223,3.577039872,38.23541257,52661.755,43.41,92.954,1.258,2.436,1.23,4.594154077,1.002653404,77582
United Kingdom,2011,2663.805835,42109.64188,0.357726636,1.1,4.5,8.038,-1.652997551,-21.2116736,143.7590145,63266.07,261.634,95.684,0.766,1.911,5.244,66.56955257,2.496605726,165650
United States,2011,15599.732,50065,0.828926174,1.6,3.1,8.949,1.162898652,-554.517,89.54679478,312598.38,34.337,99.662,0.959,1.879,5.17,752.288,4.822441883,1520100
Australia,2012,1547.649836,68078.04423,2.119926068,3.8,1.7,5.225,5.078166699,-23.80331304,39.4386655,22655.69,2.975,99.064,1.724,1.931,10.317,26.21658085,1.670963965,56200
Brazil,2012,2465.227803,12327.5131,1.007654033,1.9,5.4,7.251,26.58209053,-31.6396358,59.84949,196074.679,23.555,97.78,0.814,1.766,-0.913,33.98700507,1.378656465,713480
China,2012,8532.185382,6300.58218,7.134523777,7.8,2.6,4.58,3.585203529,231.8448767,34.39306235,1364470.096,142.658,104.792,0.738,1.798,-0.043,145.1276096,1.700942672,2993000
France,2012,2683.671717,40870.85236,-0.171161336,0.2,2.2,9.841,0.75,-37.82064668,90.2797486,63894.894,116.178,93.885,0.511,1.99,1.612,50.2165074,1.8710806,325600
Germany,2012,3527.143189,43855.85447,0.230160993,0.5,2.2,5.379,2.41,216.9881545,57.11096379,80912.313,232.145,95.594,0.01,1.405,2.461,43.79822535,1.241677479,186450
India,2012,1827.63759,1434.017987,4.060822384,5.5,10,8.156,2.473520489,-136.063399,50.67803056,1278674.502,430.068,107.053,1.357,2.47,-0.156,47.21692005,2.618166348,2728700
Japan,2012,6272.362996,49145.28043,1.536786659,1.4,0,4.358,2.180076528,-101.1984875,183.7062093,128024.135,339.491,95.67,-0.15,1.376,0.531,60.01153019,0.956761842,259800
South Africa,2012,434.4005451,8173.869138,1.04422917,2.4,5.6,21.786,3.882872998,-5.624548538,41.02145633,53328.655,44.055,93.172,1.688,2.447,4.91,4.489590095,1.033522741,62100
United Kingdom,2012,2707.089727,42497.3405,0.809511842,1.5,2.8,7.885,-1.023060732,-26.80559642,147.0536816,63752.501,263.493,95.805,0.65,1.909,4.633,65.45248755,2.418486418,169150
United States,2012,16253.97,51784,1.541466234,2.3,2.1,8.069,1.36246375,-525.907,93.64927461,315611.776,34.667,99.884,0.948,1.862,5.146,725.205,4.46170997,1492200
Australia,2013,1577.30184,68198.41934,0.855301403,2.2,2.5,5.663,6.353353796,-9.157732977,37.55574996,23049.598,3.025,98.978,1.607,1.883,9.288,24.82526259,1.6391802,56750
Brazil,2013,2472.819536,12258.56571,2.114256452,3,6.2,7.071,18.49884442,-54.58336207,57.22840938,197677.544,23.747,97.701,0.807,1.761,-0.792,32.87478723,1.329446084,713480
China,2013,9570.471112,7020.386074,7.050734134,7.8,2.6,4.6,3.755387055,235.3795616,37.0352853,1374571.633,143.647,104.792,0.643,1.714,-0.137,164.0704693,1.714340923,2993000
France,2013,2811.876903,42602.71797,0.058149505,0.9,1,9.913,0.5,-23.35436436,90.96854367,64222.037,116.776,93.905,0.515,1.973,1.806,52.00146245,1.849875918,318400
Germany,2013,3733.80465,46298.92292,0.163870563,0.4,1.6,5.231,3.14,218.5785616,54.2618315,80920.468,232.504,96.025,0.299,1.415,5.706,44.2426473,1.185257901,181550
India,2013,1856.721508,1438.057005,5.014611864,6.4,9.4,8.088,3.865992863,-92.13505169,50.31182736,1295829.511,435.838,107.017,1.309,2.399,-0.117,47.4035288,2.54882489,2749700
Japan,2013,5212.328181,40898.6479,2.152371066,2,0.3,4.038,1.664021933,-125.1282847,186.5642973,127832.435,338.948,95.638,-0.17,1.389,0.52,49.02393241,0.940538501,259800
South Africa,2013,400.8860136,7441.230854,1.099461735,2.5,5.7,22.038,2.509245497,-8.51375095,44.11253654,54236.478,44.789,93.378,1.618,2.428,4.247,4.118208483,1.027794024,77150
United Kingdom,2013,2784.853503,43426.29814,1.112855643,1.8,2.6,7.525,-1.583539432,-39.79266634,141.6433278,64168.467,265.26,95.925,0.686,1.83,4.022,63.83772486,2.291117913,159150
United States,2013,16880.683,53409,1.412741679,2.1,1.5,7.375,1.522213389,-446.857,95.32250561,318618.933,34.994,100.095,0.932,1.84,5.198,679.229,4.03266107,1433150
Australia,2014,1468.59769,62558.24388,1.088300782,2.6,2.5,6.078,4.482137659,-8.402991362,41.71288902,23422.943,3.071,98.822,1.463,1.805,8.484,25.78370871,1.773058878,56750
Brazil,2014,2456.043727,12071.40446,-0.354514802,0.5,6.3,6.755,22.40367244,-63.7915075,58.45727111,199279.055,23.939,97.624,0.806,1.775,-0.728,32.66023937,1.330244423,729500
China,2014,10475.62494,7636.07434,6.750760316,7.4,2,4.63,4.522308432,221.2992469,39.96924113,1383444.448,144.578,104.782,0.65,1.769,-0.267,182.1092046,1.738409288,2993000
France,2014,2855.964489,43068.54872,0.484564448,1,0.6,10.273,0.15,-28.2006785,97.55438385,64553.431,117.328,93.867,0.43,1.974,0.809,53.1347509,1.862961439,312350
Germany,2014,3889.093051,48023.86998,1.784341886,2.2,0.8,4.981,3.06,257.7423368,54.69975371,81162.695,233.464,96.318,0.524,1.469,7.279,44.66283117,1.149941997,178600
India,2014,2039.126479,1559.863779,6.086180227,7.4,5.8,7.992,6.69517609,-67.96980762,49.90092487,1312277.191,441.37,106.98,1.215,2.293,-0.173,50.91409628,2.543981765,2749700
Japan,2014,4896.994405,38475.39525,0.429381123,0.3,2.8,3.589,-0.459381592,-128.6050764,192.1128503,127614.856,338.319,95.606,-0.201,1.388,0.456,46.90346661,0.957800922,259800
South Africa,2014,381.1988698,6965.137897,-0.172220609,1.4,6.1,22.606,3.56702763,-5.763323054,47.23561425,55121.105,45.539,93.682,1.704,2.424,4.905,3.892485091,1.021893996,82250
United Kingdom,2014,3064.708248,47439.61659,2.438574405,3.2,1.5,6.11,-0.807141874,-59.35737606,150.5916197,64610.309,267.223,96.062,0.788,1.811,3.997,66.99546865,2.184118445,154700
United States,2014,17608.138,55304,1.774699807,2.5,1.6,6.168,1.482561391,-483.951,95.45419851,321602.585,35.322,100.293,0.936,1.848,5.176,647.789,3.690960761,1381250
Australia,2015,1351.768945,56758.8692,0.741438844,2.4,1.5,6.055,6.236771423,-27.64464986,46.46578853,23768.258,3.117,98.648,1.501,1.803,8.867,24.04620586,1.953633592,57800
Brazil,2015,1802.212207,8783.215424,-4.358317179,-3.5,9,8.538,33.83234397,-2.822492694,67.53755403,200891.199,24.129,97.551,0.778,1.777,-0.861,24.61770168,1.365517154,729500
China,2015,11061.57262,8016.445595,6.420736477,7,1.4,4.65,4.353072252,357.8707643,41.48882375,1392459.496,145.431,104.759,0.526,1.67,-0.463,196.5388272,1.776771069,2843000
France,2015,2439.188643,36652.92231,0.754024352,1,0.1,10.354,0.05,-9.463888994,97.98033326,64831.554,117.734,93.779,0.261,1.927,-0.005,45.64747164,1.872258281,306350
Germany,2015,3357.585719,41103.25644,0.617105353,1.7,0.7,4.624,3.05,255.0386412,51.5931967,81589.465,235.476,96.943,1.189,1.501,14.319,38.17002107,1.137338427,177300
India,2015,2103.58836,1590.174331,6.721067631,8,4.9,7.894,7.556488414,-63.24917139,49.96471839,1328024.498,446.667,106.946,1.171,2.289,-0.493,51.29548375,2.457450061,2798800
Japan,2015,4444.930652,34960.63938,1.668465117,1.6,0.8,3.385,-0.94844123,-23.27590763,194.5840612,127358.353,337.759,95.594,-0.13,1.415,1.327,42.10610331,0.947283519,259800
South Africa,2015,346.7097905,6204.929901,-0.757928114,1.3,4.6,22.869,3.667742833,-4.45630564,48.68384243,56068.572,46.464,94.297,2.309,2.359,11.303,3.488867947,1.006928622,82150
United Kingdom,2015,2927.911141,44964.39114,1.413498683,2.2,0,5.301,0.521458796,-44.4242601,147.9494127,65121.524,269.349,96.237,0.797,1.801,3.972,59.99020572,2.044058241,152350
United States,2015,18295.019,57040,2.190430566,2.9,0.1,5.28,2.310514641,-490.773,95.95614522,324628.169,35.652,100.482,0.919,1.832,5.281,633.829639,3.481428215,1347300
Australia,2016,1207.580902,49918.79393,1.186265851,2.7,1.3,5.711,6.116716941,-10.79384248,54.64430213,24127.746,3.167,98.516,1.662,1.792,10.466,26.38294705,2.088530879,57800
Brazil,2016,1795.693483,8680.736469,-4.057423002,-3.3,8.7,11.58,40.69836145,7.887719257,73.41880381,202459.865,24.314,97.475,0.746,1.727,-0.458,24.2247469,1.347975413,729500
China,2016,11233.31373,8094.390167,6.238215448,6.8,2,4.56,2.901815389,255.7370882,50.70090143,1399808.851,146.255,104.723,0.605,1.772,-0.109,198.5383614,1.76888659,2695000
France,2016,2472.964345,37062.53357,0.829056665,0.7,0.3,10.057,0.1652,-12.21319014,102.2620449,65001.118,118.044,93.793,0.263,1.892,0.239,47.37058955,1.917282368,306100
Germany,2016,3469.853464,42136.12079,1.408102075,2.3,0.4,4.122,4.34,256.4019849,49.90107633,82565.636,237.434,97.432,0.47,1.591,6.253,39.90967859,1.151230373,179100
India,2016,2294.796886,1714.279537,6.980989701,8.3,4.5,7.8,6.232711415,-41.57920627,47.63375559,1343944.296,452.021,106.911,1.212,2.284,0.06,56.63762264,2.543151521,2981050
Japan,2016,5003.677628,39375.47316,0.805362825,0.8,-0.1,3.132,0.62219276,40.44385116,193.2304378,127193.392,337.452,95.591,-0.053,1.408,2.475,46.47128771,0.929516816,260890
South Africa,2016,323.5855097,5735.066787,-0.309171167,0.7,6.3,24.023,3.278251678,1.533892059,49.72626333,57378.501,46.903,94.238,-0.415,2.261,-15.355,3.139312128,0.971046765,81400
United Kingdom,2016,2689.106567,40985.23514,1.15154933,1.9,0.7,4.81,0.635142588,-50.79884259,156.6044652,65642.696,271.455,96.417,0.761,1.785,3.948,53.32736609,1.976733487,150250
United States,2016,18804.913,58206,1.084257383,1.8,1.3,4.869,2.537232299,-479.461,97.92893485,327624.824,35.985,100.666,0.945,1.804,5.739,639.856443,3.422587975,1348400
Australia,2017,1326.882105,53954.55349,0.647495219,2.4,2,5.592,1.538107312,6.818631562,53.26422179,24532.18,3.219,98.483,1.608,1.745,10.312,27.69111242,2.004234077,58000
Brazil,2017,2063.514977,9896.718895,0.523296589,1.3,3.4,12.792,41.71380787,15.69675567,83.66920265,203976.362,24.492,97.396,0.71,1.74,-0.764,29.2618331,1.414021668,730000
China,2017,12310.49133,8817.045608,6.301863101,6.9,1.6,4.47,0.112553973,217.0098999,54.95062048,1408296.413,147.12,104.662,0.575,1.795,-0.067,210.4430347,1.711242644,2695000
France,2017,2595.151045,38781.04949,1.994998447,2.3,1.2,9.41,0.25417,-19.61374966,102.2152651,65172.593,118.403,93.843,0.344,1.859,1.577,49.19566225,1.908642012,307000
Germany,2017,3690.849153,44652.58917,2.297206047,2.7,1.7,3.746,0,260.5922151,47.8698319,82954.569,238.421,97.483,0.36,1.57,5.451,42.28111268,1.153403721,180000
India,2017,2651.474263,1957.969813,5.568333514,6.8,3.6,7.723,5.327608862,-72.21161263,47.58360938,1359657.4,457.306,106.874,1.114,2.193,-0.185,64.55943528,2.531511361,3031000
Japan,2017,4930.837369,38834.05293,1.758611802,1.7,0.5,2.822,1.069144407,37.63617672,193.4891597,127126.51,337.199,95.575,-0.097,1.39,2.539,45.05846876,0.913229492,261000
South Africa,2017,381.4488147,6734.475153,0.766941613,1.2,5.3,23.992,4.647315485,4.34908322,51.88529271,57140.601,47.21,93.86,1.716,2.283,5.954,3.591507613,0.943568495,80000
United Kingdom,2017,2680.148052,40572.12148,1.960020994,2.7,2.7,4.33,0.369854715,-35.92443156,161.2700614,66144.02,273.355,96.53,0.634,1.735,3.923,52.07500843,1.947666388,148000
United States,2017,19612.102,60322,1.811476365,2.5,2.1,4.355,2.26529638,-516.935,97.02163491,330734.029,36.316,100.841,0.885,1.753,5.613,646.752927,3.320540912,1359000
Australia,2018,1429.733668,57273.52048,1.378345353,2.8,1.9,5.3,3.319652913,15.68182414,54.42969692,24929.897,3.27,98.51,1.511,1.743,9.013,26.83982091,1.895670079,58100
Brazil,2018,1916.933898,9121.020995,0.978938493,1.8,3.7,12.33,33.10233425,4.045101745,86.60788412,205430.528,24.659,97.321,0.657,1.744,-1.118,28.17740687,1.469677724,761500
China,2018,13894.90786,9905.406383,6.251700556,6.7,2.1,4.31,0.821501872,87.90514845,56.65926946,1416413.041,147.813,104.585,0.366,1.539,-0.14,232.530596,1.673578209,2695000
France,2018,2790.956879,41557.85486,1.500539123,1.6,2.1,9.018,0.3354214,-28.41846603,101.6221344,65396.959,118.828,93.853,0.374,1.837,2.029,51.40981284,1.843008723,304800
Germany,2018,3974.443355,47939.27829,0.678212594,1.1,1.9,3.384,-0.88,244.7360674,46.0028228,83253.445,239.18,97.533,0.276,1.566,4.845,46.49767596,1.170548545,181400
India,2018,2702.929642,1974.377731,5.302408679,6.5,3.4,7.652,5.36166639,-105.9176849,46.52249867,1374659.064,462.352,106.837,1.081,2.184,-0.429,66.25780172,2.424284526,3026500
Japan,2018,5040.880939,39751.1331,0.771168471,0.6,1,2.467,0.45874632,1.405006849,197.3356094,127002.87,336.798,95.561,-0.141,1.373,2.526,48.53590941,0.962497357,261150
South Africa,2018,405.2607239,7067.724165,0.319770422,1.6,4.6,24.218,5.856183558,1.98640503,54.76275256,58129.723,48.011,94.007,1.649,2.27,5.43,3.622918742,0.897196372,89650
United Kingdom,2018,2871.340348,43203.81411,0.791214735,1.4,2.5,3.996,0.755214789,-39.57786119,158.1630662,66564.922,274.995,96.607,0.562,1.676,3.898,55.83291641,1.939953463,148450
United States,2018,20656.516,63201,2.425877219,3,2.4,3.896,2.554749875,-578.6,98.44977246,333675.29,36.628,100.996,0.824,1.715,5.268,682.4914,3.323866404,1379800
Australia,2019,1394.671326,55049.57192,0.682490945,1.8,1.6,5.159,1.582465062,46.46960717,60.14198669,25309.514,3.317,98.513,1.359,1.666,8.129,26.07934631,1.881043454,59000
Brazil,2019,1873.288205,8845.324149,0.448280407,1.2,3.7,11.936,31.90307275,-11.93421137,92.56525319,206783.993,24.821,97.248,0.647,1.705,-0.623,25.9068712,1.382797246,762000
China,2019,14279.96851,10143.86022,5.575316863,6,2.9,4.56,3.024384821,131.8442973,60.40360647,1421604.871,148.283,104.515,0.269,1.496,-0.461,240.3325555,1.682911012,2535000
France,2019,2728.870247,40494.89829,1.495898988,2.1,1.3,8.415,0.01457,-15.55498577,104.9611611,65642.126,119.209,93.909,0.266,1.826,1.095,50.11892921,1.836461471,304000
Germany,2019,3889.177589,46805.13843,0.847783197,1,1.4,3.136,-0.25,230.8015062,44.65086022,83483.566,239.727,97.55,0.181,1.541,3.819,49.07944469,1.262150257,184000
India,2019,2835.606257,2050.1638,2.811873102,3.9,4.8,6.51,6.894875427,-73.45167132,45.6254179,1389030.312,467.185,106.8,0.999,2.12,-0.705,71.46890052,2.548622174,3045000
Japan,2019,5117.993853,40415.95676,-0.262170829,-0.4,0.5,2.351,0.71452635,-8.615189108,198.0103092,126823.995,336.23,95.551,-0.197,1.323,2.511,50.77800659,0.992231466,261000
South Africa,2019,389.3300322,6702.526617,-1.030132943,0.3,4.1,25.538,5.268415653,1.938862949,60.71389496,59096.278,48.81,94.125,1.65,2.264,5.557,3.435429787,0.884244502,90000
United Kingdom,2019,2851.407165,42662.53537,1.069833349,1.6,1.8,3.737,0.836541255,-39.82963774,160.3221869,66940.028,276.471,96.703,0.509,1.632,3.566,56.56760204,1.9813273,149000
United States,2019,21521.395,65548,2.001482679,2.6,1.8,3.669,3.544497457,-559.394,100.1190443,336437.705,36.927,101.134,0.801,1.684,5.253,734.3441,3.43456772,1388000
Australia,2020,1330.381545,51868.24756,-1.556436301,-2.1,0.9,6.456,0.100214563,49.03824691,69.21905595,25655.914,3.351,98.487,0.683,1.593,1.727,27.3008947,2.010640099,60000
Brazil,2020,1476.107231,6923.699912,-3.918004172,-3.3,3.2,13.697,21.19717969,7.712510588,98.70988195,208126.926,24.965,97.191,0.512,1.653,-0.376,19.591209,1.326660269,762000
China,2020,14687.74416,10408.71955,1.995558042,2.2,2.5,5,3.838601204,358.5726082,70.13746813,1425435.844,148.553,104.414,0.094,1.236,-0.064,257.9734298,1.756699471,2535000
France,2020,2647.418692,39179.74426,-7.791008509,-7.6,0.5,8.01,0.1254135,-45.86854473,123.1721712,65816.792,119.528,93.944,0.269,1.785,2.209,52.74706486,2.002840116,304000
Germany,2020,3887.727162,46749.47623,-3.905303583,-4.1,0.4,3.856,-0.5,217.292548,55.07111316,83634.807,239.926,97.529,-0.015,1.531,2.433,53.31870512,1.373585715,183000
India,2020,2674.851579,1915.551588,-6.673470547,-5.8,6.2,7.859,4.135999578,-8.342168263,46.25147896,1402617.695,471.755,106.741,0.948,2.047,-0.053,72.93706405,2.812527562,3068000
Japan,2020,5055.587094,40040.76551,-3.86470967,-4.2,0,2.809,-0.23456215,-7.597675867,215.7555406,126574.852,335.182,95.517,-0.428,1.304,0.333,51.39653606,1.017829556,261000
South Africa,2020,338.291396,5753.066494,-7.106588783,-6.2,3.3,24.339,2.326406505,15.07923426,72.09646895,60079.493,49.608,94.227,1.595,2.257,6.108,3.231017731,0.957516706,89000
United Kingdom,2020,2697.806592,40217.00901,-10.68716802,-10.3,0.9,4.472,-0.125478965,15.06987493,196.6123934,67281.888,277.464,96.802,0.208,1.571,3.235,58.33237179,2.15677756,153000
United States,2020,21322.95,64317,-3.156444252,-2.2,1.2,8.055,2.194566423,-653.694,124.7331772,339142.428,37.107,101.176,0.173,1.616,0.972,778.3972,3.696009828,1395000
Australia,2021,1559.033756,60697.24544,1.968061646,5.5,2.8,5.116,0.12145141,89.60864812,69.90771702,25831.668,3.379,98.488,0.961,1.647,4.499,32.71806682,1.9891227,59000
Brazil,2021,1670.647399,7794.880979,4.210300254,4.8,8.3,13.159,15.01088497,9.406375942,85.01150367,209194.759,25.071,97.105,0.339,1.638,-0.995,19.18712248,1.163682111,360000
China,2021,17820.45951,12617.5051,8.351719954,8.4,0.9,4.55,-0.193517051,461.4942928,71.83598094,1426776.342,148.587,104.289,-0.048,1.117,-0.266,285.9305181,1.613073864,2560000
France,2021,2959.355819,43671.30841,6.131761316,6.8,2.1,7.874,0.6841253,-30.25489062,116.8867735,65993.763,119.851,93.981,0.272,1.799,1.989,56.64699622,1.915361454,270000
Germany,2021,4278.503935,51426.75037,3.120162973,3.7,3.2,3.638,-0.38,235.4085216,54.47964727,83622.61,240.122,97.503,0.178,1.577,3.707,56.51312677,1.32678559,184800
India,2021,3167.270623,2250.179018,8.818605843,9.7,5.5,6.38,0.316945144,-74.03937443,52.78456874,1414203.896,475.652,106.67,0.699,2.014,-0.247,76.34853879,2.471446629,3091200
Japan,2021,5034.620785,40058.53733,3.032130828,2.7,-0.2,2.828,-0.34879652,-21.81091491,216.3293649,126034.234,333.523,95.457,-0.565,1.275,-0.278,50.95747103,1.018297377,257412
South Africa,2021,420.1178125,7073.612754,3.662368304,5,4.6,28.77,0.508486045,26.20837354,70.52585354,61045.269,50.378,94.326,1.487,2.248,7.451,3.393856591,0.809812626,71253
United Kingdom,2021,3141.506157,46869.75906,8.763985823,8.6,2.6,4.826,0.195412587,-4.719358455,186.8521185,67421.835,278.77,96.88,0.73,1.583,2.903,67.50068776,2.161571918,149280
United States,2021,23594.031,71055,5.633868128,6.1,4.7,5.349,-1.276233311,-848.072,123.8885019,339729.889,37.186,101.131,0.254,1.634,1.984,806.2302,3.457977219,1395000
Australia,2022,1692.956647,65077.67667,2.950325584,3.9,6.6,3.701,2.1023541,94.02816231,57.97474821,26081.167,3.411,98.485,0.915,1.638,5.38,32.29891866,1.898824348,58200
Brazil,2022,1951.923942,9065.497334,2.544332854,3,9.3,9.231,28.39609283,45.35572154,79.10232189,209905.829,25.162,96.995,0.381,1.629,-1.206,20.21078744,1.053422011,360000
China,2022,17881.78339,12662.58317,3.002576026,3,2,4.98,2.51931098,577.6089397,77.09711192,1426098.192,148.456,104.155,-0.129,1.034,-0.206,291.9584285,1.595380743,2420000
France,2022,2779.092237,40886.25327,2.142731649,2.6,5.9,7.308,1.75,-71.20017887,98.66052415,66173.332,120.203,94.018,0.314,1.76,2.706,53.63874877,1.938723418,208000
Germany,2022,4082.469491,48717.99114,1.074951887,1.4,8.7,3.135,2.5,95.26884028,44.52882654,83771.555,241.239,97.503,0.748,1.46,11.673,55.75974783,1.39005501,183051
India,2022,3353.470497,2366.309609,6.26159949,7,6.7,4.822,1.704610929,-134.6609652,57.23145899,1425423.212,479.426,106.615,0.881,1.994,-0.95,81.36318827,2.425227117,3100000
Japan,2022,4256.410761,34017.27181,1.403822375,1.2,2.5,2.6,2.01478562,-157.922697,216.2133755,125324.442,331.713,95.397,-0.523,1.256,1.4,45.99209217,1.077734437,250000
South Africa,2022,405.2708501,6766.481254,1.056874678,1.9,6.9,28.838,3.848990416,8.341479611,73.00317012,61959.937,51.096,94.491,1.342,2.227,3.74,2.995329364,0.739893648,75000
United Kingdom,2022,3088.839763,45564.15694,3.168175372,4.8,9.1,3.73,3.521465574,-86.64053669,142.2830421,67915.749,280.873,96.93,0.773,1.56,2.572,68.46257861,2.227183979,148220
United States,2022,25744.108,77246,1.561598189,2.5,8,3.65,1.05939905,-944.77,121.9853317,340592.993,37.336,101.066,0.551,1.665,3.862,876.9432,3.454919798,1400000
Australia,2023,1723.827215,64711.7656,0.603284936,2,5.6,3.667,4.12365145,67.48534433,58.6325415,26320.802,3.443,98.471,0.985,1.638,5.302,34.19854623,2.04458474,57346
Brazil,2023,2173.665656,10043.62392,2.381177724,2.9,4.6,7.95,37.20750933,42.98650499,74.42564125,210707,25.262,96.909,0.411,1.619,-1.137,21.18254156,1.50125464,376000
China,2023,17794.78199,12614.06099,5.309248534,5.2,0.2,4.67,4.911876235,386.0631518,83.65414787,1424260.946,148.186,103.995,-0.236,0.999,-0.399,296.0123542,1.675214995,2310000
France,2023,3030.90409,44460.81785,0.409870599,1.1,5.7,7.323,3.75,-43.85214121,110.6521478,66381.485,120.496,94.058,0.173,1.639,1.383,61.30125415,1.385241547,238000
Germany,2023,4456.081017,52745.75571,-1.112435856,-0.3,6,3.045,4.5,192.8441709,43.5412654,84400.899,242.564,97.532,0.349,1.441,7.21,68.58412164,1.57452168,181500
India,2023,3549.918919,2484.845429,6.721381414,8.2,5.4,4.172,6.54125478,-84.60244815,56.15478459,1438069.596,483.679,106.564,0.885,1.975,-0.681,83.61214157,2.425231654,3115000
Japan,2023,4212.94516,33834.39211,2.421011183,1.7,3.3,2.575,3.12014785,-69.10612253,263.2145875,124670.714,330.05,95.334,-0.482,1.208,1.407,50.16154123,1.283564125,250000
South Africa,2023,377.781601,6253.161613,-0.265252688,0.7,5.9,27.988,6.673286028,1.217482584,72.23514521,62796.883,51.779,94.728,1.315,2.216,3.61,2.781125465,0.70216589,40200
United Kingdom,2023,3340.032381,48866.60396,-0.714682165,0.3,7.3,4.055,5.256142538,-41.6390902,101.3254147,68442.882,282.948,96.967,0.699,1.56,2.24,54.21021548,2.331452654,152980
United States,2023,27360.935,81695,2.039505936,2.9,4.1,3.625,1.65749377,-784.891,122.3465123,342475.098,37.548,100.995,0.584,1.624,3.851,816.2,3.4514254,1286037
Australia,2024,1802.321543,65966.21459,0.588695485,1.2,3.3,4.1,4.3512546,23.45215749,43.80125415,26713.205,3.4,99,0.99,1.64,5.153,36.80014514,2.02145874,58000
Brazil,2024,2199.1254,10352.21,2.97541254,3,4.3,6.6541,11.25784651,56.2145874,77.84512365,211998.573,25.56,97.1,0.41,1.61,-0.7,24.75412548,1.12153645,212217
China,2024,18012.23654,12969.21451,4.6125412,4.8,0.4,5.1,3.354871456,447.214588,90.12541789,1419321.278,149.03,104,-0.23,1.01,-0.24,316.2154123,1.754385,2300000
France,2024,3130.215465,47359.25412,0.86235412,1.1,2.3,7.412,3.574125,-15.2145876,109.5412365,66548.53,122,94.93,0.17,1.6,0.967,69.02154746,1.325415587,221000
Germany,2024,4710.214563,42793,-2.125462,0,2.4,6.062,2.5,187.2365967,42.3651485,84552.242,243,97.55,0,1.45,1.8,54.58125413,1.39125412,180250
India,2024,3890.124512,2698.214514,7.945865412,7,4.4,7.8,5.52414786,-67.32145875,57.64896515,1450935.791,488.2,106.506,0.92,2.03,0.01,74.31254699,1.896523145,3052000
Japan,2024,4250.235146,43005.21456,1.123554102,0.3,2.2,2.4,1.87451256,-187.4512367,268.145779,123753.041,339,95.25,-0.5,1.22,1.23,56.71452145,1.601214532,247150
South Africa,2024,403.0512365,5975.235415,-0.51202365,1.1,4.7,32.154,7.754121564,5.688922736,74.65214512,64286.88,53,94.88,1.26,2.21,1.757,3.112325645,0.74458654,48400
United Kingdom,2024,3588.214587,52423.21452,7.23651548,1.1,2.6,4.3,4.758641253,-34.25416589,98.84514759,69294.52,286,97.83,0.67,1.55,2.246,57.11254156,2.300215465,148230
United States,2024,29168.2541,86601,2.8125456,2.8,3,4.1,1.8183957,-712.357,123.5489632,346116.77,38,100.975,0.57,1.62,3.9,824.3,3.4854125,1300000
